id,key,value,datatime
15365586105712858,window-left-front,off,2018
153655861057194303,gear,1,2018-09-10 13:50:10
153655861057149913,window-top,off,2018-09-10 13
153655861057140
1536558610
153655861057148
153655861057184747,radio,on,2018-09-10 1
153655861057183776,engine,9,2018-09-10 13:50
153655861057129875,engine,10,2018-09-10 13:50:10
153655861057146
153655861057197904,radio,on,2018-09-10 13:50:10
15365586105716167,engine,9,2018-09-10 13:5
153655861057173884,engi
1
153655861057157492,engine,0,2018-09-10 13:50:10
1536558610571
15365586105717139

